Год,Этап,Номинация,Название номера,Результат
2025,Региональный,Оригинальный жанр,Теорема о среднем,Лауреат I степени
2025,Университетский,Оригинальный жанр,Теорема о среднем,Лауреат I степени
2025,Университетский,Вокальный ансамбль,Предел последовательности,Лауреат III степени
2024,Университетский,Вокальный ансамбль,Гармонический ряд,Лауреат II степени
2024,Университетский,Театр малых форм,Доказательство от противного,Специальный приз жюри
2024,Факультетский,Художественное слово,Письма Эйлера,Лауреат I степени
2023,Университетский,Художественное слово,Письма Эйлера,Дипломант
2023,Факультетский,Танец,Фазовый портрет,Лауреат III степени
2022,Факультетский,Вокал соло,Бесконечно малая,Дипломант
